student,date,effortScore,class,acPercentile
Braydon Wessels,01/08/2021,54,Music,0.1
Braydon Wessels,02/08/2021,10,Music,0.2
Braydon Wessels,03/08/2021,16,Music,0.31
Braydon Wessels,04/08/2021,21,Music,0.41
Braydon Wessels,05/08/2021,27,Music,0.51
Braydon Wessels,06/08/2021,32,Music,0.62
Braydon Wessels,07/08/2021,37,Music,0.72
Braydon Wessels,08/08/2021,43,Music,0.83
Braydon Wessels,09/08/2021,48,Music,0.93
Braydon Wessels,10/08/2021,54,Music,0.1
Braydon Wessels,11/08/2021,59,Music,0.11
Braydon Wessels,12/08/2021,65,Music,0.12
Lindsay McNeil,01/08/2021,54,Music,0.1
Lindsay McNeil,02/08/2021,10,Music,0.2
Lindsay McNeil,03/08/2021,16,Music,0.31
Lindsay McNeil,04/08/2021,21,Music,0.41
Lindsay McNeil,05/08/2021,27,Music,0.51
Lindsay McNeil,06/08/2021,32,Music,0.62
Lindsay McNeil,07/08/2021,37,Music,0.72
Lindsay McNeil,08/08/2021,43,Music,0.83
Lindsay McNeil,09/08/2021,48,Music,0.93
Lindsay McNeil,10/08/2021,54,Music,0.1
Lindsay McNeil,11/08/2021,59,Music,0.11
Lindsay McNeil,12/08/2021,65,Music,0.12
Trae Hare-Boyd,01/08/2021,54,Music,0.1
Trae Hare-Boyd,02/08/2021,10,Music,0.2
Trae Hare-Boyd,03/08/2021,16,Music,0.31
Trae Hare-Boyd,04/08/2021,21,Music,0.41
Trae Hare-Boyd,05/08/2021,27,Music,0.51
Trae Hare-Boyd,06/08/2021,32,Music,0.62
Trae Hare-Boyd,07/08/2021,37,Music,0.72
Trae Hare-Boyd,08/08/2021,43,Music,0.83
Trae Hare-Boyd,09/08/2021,48,Music,0.93
Trae Hare-Boyd,10/08/2021,54,Music,0.1
Trae Hare-Boyd,11/08/2021,59,Music,0.11
Trae Hare-Boyd,12/08/2021,65,Music,0.12
Asha Boswarva,01/08/2021,54,Music,0.1
Asha Boswarva,02/08/2021,10,Music,0.2
Asha Boswarva,03/08/2021,16,Music,0.31
Asha Boswarva,04/08/2021,21,Music,0.41
Asha Boswarva,05/08/2021,27,Music,0.51
Asha Boswarva,06/08/2021,32,Music,0.62
Asha Boswarva,07/08/2021,38,Music,0.72
Asha Boswarva,08/08/2021,43,Music,0.83
Asha Boswarva,09/08/2021,48,Music,0.93
Asha Boswarva,10/08/2021,54,Music,0.1
Asha Boswarva,11/08/2021,59,Music,0.11
Asha Boswarva,12/08/2021,65,Music,0.12
Jack Elkins,01/08/2021,54,Music,0.1
Jack Elkins,02/08/2021,10,Music,0.2
Jack Elkins,03/08/2021,16,Music,0.31
Jack Elkins,04/08/2021,21,Music,0.41
Jack Elkins,05/08/2021,27,Music,0.52
Jack Elkins,06/08/2021,32,Music,0.62
Jack Elkins,07/08/2021,38,Music,0.72
Jack Elkins,08/08/2021,43,Music,0.83
Jack Elkins,09/08/2021,48,Music,0.93
Jack Elkins,10/08/2021,54,Music,0.1
Jack Elkins,11/08/2021,59,Music,0.11
Jack Elkins,12/08/2021,65,Music,0.12
Alexander Ainsworth-Grace,01/08/2021,54,Music,0.1
Alexander Ainsworth-Grace,02/08/2021,10,Music,0.2
Alexander Ainsworth-Grace,03/08/2021,16,Music,0.31
Alexander Ainsworth-Grace,04/08/2021,21,Music,0.41
Alexander Ainsworth-Grace,05/08/2021,27,Music,0.52
Alexander Ainsworth-Grace,06/08/2021,32,Music,0.62
Alexander Ainsworth-Grace,07/08/2021,38,Music,0.72
Alexander Ainsworth-Grace,08/08/2021,43,Music,0.83
Alexander Ainsworth-Grace,09/08/2021,48,Music,0.93
Alexander Ainsworth-Grace,10/08/2021,54,Music,0.1
Alexander Ainsworth-Grace,11/08/2021,59,Music,0.11
Alexander Ainsworth-Grace,12/08/2021,65,Music,0.12
Ellis Teudt,01/08/2021,54,Music,0.1
Ellis Teudt,02/08/2021,10,Music,0.2
Ellis Teudt,03/08/2021,16,Music,0.31
Ellis Teudt,04/08/2021,21,Music,0.41
Ellis Teudt,05/08/2021,27,Music,0.52
Ellis Teudt,06/08/2021,32,Music,0.62
Ellis Teudt,07/08/2021,38,Music,0.72
Ellis Teudt,08/08/2021,43,Music,0.83
Ellis Teudt,09/08/2021,48,Music,0.93
Ellis Teudt,10/08/2021,54,Music,0.1
Ellis Teudt,11/08/2021,59,Music,0.11
Ellis Teudt,12/08/2021,65,Music,0.12
Isabel Binnekamp,01/08/2021,54,Music,0.1
Isabel Binnekamp,02/08/2021,10,Music,0.2
Isabel Binnekamp,03/08/2021,16,Music,0.31
Isabel Binnekamp,04/08/2021,21,Music,0.41
Isabel Binnekamp,05/08/2021,27,Music,0.52
Isabel Binnekamp,06/08/2021,32,Music,0.62
Isabel Binnekamp,07/08/2021,38,Music,0.72
Isabel Binnekamp,08/08/2021,43,Music,0.83
Isabel Binnekamp,09/08/2021,48,Music,0.93
Isabel Binnekamp,10/08/2021,54,Music,0.1
Isabel Binnekamp,11/08/2021,59,Music,0.11
Isabel Binnekamp,12/08/2021,65,Music,0.12
Ashlee Wilks,01/08/2021,54,Music,0.1
Ashlee Wilks,02/08/2021,10,Music,0.2
Ashlee Wilks,03/08/2021,16,Music,0.31
Ashlee Wilks,04/08/2021,21,Music,0.41
Ashlee Wilks,05/08/2021,27,Music,0.52
Ashlee Wilks,06/08/2021,32,Music,0.62
Ashlee Wilks,07/08/2021,38,Music,0.72
Ashlee Wilks,08/08/2021,43,Music,0.83
Ashlee Wilks,09/08/2021,48,Music,0.93
Ashlee Wilks,10/08/2021,54,Music,0.1
Ashlee Wilks,11/08/2021,59,Music,0.11
Ashlee Wilks,12/08/2021,65,Music,0.12
Sarah Kinghorn,01/08/2021,54,Music,0.1
Sarah Kinghorn,02/08/2021,10,Music,0.2
Sarah Kinghorn,03/08/2021,16,Music,0.31
Sarah Kinghorn,04/08/2021,21,Music,0.41
Sarah Kinghorn,05/08/2021,27,Music,0.52
Sarah Kinghorn,06/08/2021,32,Music,0.62
Sarah Kinghorn,07/08/2021,38,Music,0.72
Sarah Kinghorn,08/08/2021,43,Music,0.83
Sarah Kinghorn,09/08/2021,48,Music,0.93
Sarah Kinghorn,10/08/2021,54,Music,0.1
Sarah Kinghorn,11/08/2021,59,Music,0.11
Sarah Kinghorn,12/08/2021,65,Music,0.12
Grace O'Toole,01/08/2021,54,Music,0.1
Grace O'Toole,02/08/2021,10,Music,0.2
Grace O'Toole,03/08/2021,16,Music,0.31
Grace O'Toole,04/08/2021,21,Music,0.41
Grace O'Toole,05/08/2021,27,Music,0.52
Grace O'Toole,06/08/2021,32,Music,0.62
Grace O'Toole,07/08/2021,38,Music,0.72
Grace O'Toole,08/08/2021,43,Music,0.83
Grace O'Toole,09/08/2021,48,Music,0.93
Grace O'Toole,10/08/2021,54,Music,0.1
Grace O'Toole,11/08/2021,59,Music,0.11
Grace O'Toole,12/08/2021,65,Music,0.12
Penelope Butler,01/08/2021,54,Music,0.1
Penelope Butler,02/08/2021,10,Music,0.2
Penelope Butler,03/08/2021,16,Music,0.31
Penelope Butler,04/08/2021,21,Music,0.41
Penelope Butler,05/08/2021,27,Music,0.52
Penelope Butler,06/08/2021,32,Music,0.62
Penelope Butler,07/08/2021,38,Music,0.72
Penelope Butler,08/08/2021,43,Music,0.83
Penelope Butler,09/08/2021,48,Music,0.93
Penelope Butler,10/08/2021,54,Music,0.1
Penelope Butler,11/08/2021,59,Music,0.11
Penelope Butler,12/08/2021,65,Music,0.12
Eric Mullins,01/08/2021,54,Music,0.1
Eric Mullins,02/08/2021,10,Music,0.2
Eric Mullins,03/08/2021,16,Music,0.31
Eric Mullins,04/08/2021,21,Music,0.41
Eric Mullins,05/08/2021,27,Music,0.52
Eric Mullins,06/08/2021,32,Music,0.62
Eric Mullins,07/08/2021,38,Music,0.72
Eric Mullins,08/08/2021,43,Music,0.83
Eric Mullins,09/08/2021,48,Music,0.93
Eric Mullins,10/08/2021,54,Music,0.1
Eric Mullins,11/08/2021,59,Music,0.11
Eric Mullins,12/08/2021,65,Music,0.12
Rebecca Burchett,01/08/2021,54,Music,0.1
Rebecca Burchett,02/08/2021,10,Music,0.2
Rebecca Burchett,03/08/2021,16,Music,0.31
Rebecca Burchett,04/08/2021,21,Music,0.41
Rebecca Burchett,05/08/2021,27,Music,0.52
Rebecca Burchett,06/08/2021,32,Music,0.62
Rebecca Burchett,07/08/2021,38,Music,0.72
Rebecca Burchett,08/08/2021,43,Music,0.83
Rebecca Burchett,09/08/2021,48,Music,0.93
Rebecca Burchett,10/08/2021,54,Music,0.1
Rebecca Burchett,11/08/2021,59,Music,0.11
Rebecca Burchett,12/08/2021,65,Music,0.12
Mason Pynt,01/08/2021,54,Music,0.1
Mason Pynt,02/08/2021,10,Music,0.2
Mason Pynt,03/08/2021,16,Music,0.31
Mason Pynt,04/08/2021,21,Music,0.41
Mason Pynt,05/08/2021,27,Music,0.52
Mason Pynt,06/08/2021,32,Music,0.62
Mason Pynt,07/08/2021,38,Music,0.72
Mason Pynt,08/08/2021,43,Music,0.83
Mason Pynt,09/08/2021,48,Music,0.93
Mason Pynt,10/08/2021,54,Music,0.1
Mason Pynt,11/08/2021,59,Music,0.11
Mason Pynt,12/08/2021,65,Music,0.12
Emily Christie,01/08/2021,54,Music,0.1
Emily Christie,02/08/2021,10,Music,0.2
Emily Christie,03/08/2021,16,Music,0.31
Emily Christie,04/08/2021,21,Music,0.41
Emily Christie,05/08/2021,27,Music,0.52
Emily Christie,06/08/2021,32,Music,0.62
Emily Christie,07/08/2021,38,Music,0.72
Emily Christie,08/08/2021,43,Music,0.83
Emily Christie,09/08/2021,48,Music,0.93
Emily Christie,10/08/2021,54,Music,0.1
Emily Christie,11/08/2021,59,Music,0.11
Emily Christie,12/08/2021,65,Music,0.12
Cara Eccleston,01/08/2021,54,Music,0.1
Cara Eccleston,02/08/2021,10,Music,0.2
Cara Eccleston,03/08/2021,16,Music,0.31
Cara Eccleston,04/08/2021,21,Music,0.41
Cara Eccleston,05/08/2021,27,Music,0.52
Cara Eccleston,06/08/2021,32,Music,0.62
Cara Eccleston,07/08/2021,38,Music,0.72
Cara Eccleston,08/08/2021,43,Music,0.83
Cara Eccleston,09/08/2021,48,Music,0.93
Cara Eccleston,10/08/2021,54,Music,0.1
Cara Eccleston,11/08/2021,59,Music,0.11
Cara Eccleston,12/08/2021,65,Music,0.12
Domenica Stuart,01/08/2021,54,Music,0.1
Domenica Stuart,02/08/2021,10,Music,0.2
Domenica Stuart,03/08/2021,16,Music,0.31
Domenica Stuart,04/08/2021,21,Music,0.41
Domenica Stuart,05/08/2021,27,Music,0.52
Domenica Stuart,06/08/2021,32,Music,0.62
Domenica Stuart,07/08/2021,38,Music,0.72
Domenica Stuart,08/08/2021,43,Music,0.83
Domenica Stuart,09/08/2021,48,Music,0.93
Domenica Stuart,10/08/2021,54,Music,0.1
Domenica Stuart,11/08/2021,59,Music,0.11
Domenica Stuart,12/08/2021,65,Music,0.12
Katherine Stanbridge,01/08/2021,54,Music,0.1
Katherine Stanbridge,02/08/2021,10,Music,0.2
Katherine Stanbridge,03/08/2021,16,Music,0.31
Katherine Stanbridge,04/08/2021,21,Music,0.41
Katherine Stanbridge,05/08/2021,27,Music,0.52
Katherine Stanbridge,06/08/2021,32,Music,0.62
Katherine Stanbridge,07/08/2021,38,Music,0.72
Katherine Stanbridge,08/08/2021,43,Music,0.83
Katherine Stanbridge,09/08/2021,48,Music,0.93
Katherine Stanbridge,10/08/2021,54,Music,0.1
Katherine Stanbridge,11/08/2021,59,Music,0.11
Katherine Stanbridge,12/08/2021,65,Music,0.12
Phoebe Rathbone,01/08/2021,54,Music,0.1
Phoebe Rathbone,02/08/2021,10,Music,0.2
Phoebe Rathbone,03/08/2021,16,Music,0.31
Phoebe Rathbone,04/08/2021,21,Music,0.41
Phoebe Rathbone,05/08/2021,27,Music,0.52
Phoebe Rathbone,06/08/2021,32,Music,0.62
Phoebe Rathbone,07/08/2021,38,Music,0.72
Phoebe Rathbone,08/08/2021,43,Music,0.83
Phoebe Rathbone,09/08/2021,48,Music,0.93
Phoebe Rathbone,10/08/2021,54,Music,0.1
Phoebe Rathbone,11/08/2021,59,Music,0.11
Phoebe Rathbone,12/08/2021,65,Music,0.12
Kieran Patel,01/08/2021,54,Music,0.1
Kieran Patel,02/08/2021,10,Music,0.2
Kieran Patel,03/08/2021,16,Music,0.31
Kieran Patel,04/08/2021,21,Music,0.41
Kieran Patel,05/08/2021,27,Music,0.52
Kieran Patel,06/08/2021,32,Music,0.62
Kieran Patel,07/08/2021,38,Music,0.72
Kieran Patel,08/08/2021,43,Music,0.83
Kieran Patel,09/08/2021,48,Music,0.93
Kieran Patel,10/08/2021,54,Music,0.1
Kieran Patel,11/08/2021,59,Music,0.11
Kieran Patel,12/08/2021,65,Music,0.12
Aysha Swanson,01/08/2021,54,Music,0.1
Aysha Swanson,02/08/2021,10,Music,0.2
Aysha Swanson,03/08/2021,16,Music,0.31
Aysha Swanson,04/08/2021,21,Music,0.41
Aysha Swanson,05/08/2021,27,Music,0.52
Aysha Swanson,06/08/2021,32,Music,0.62
Aysha Swanson,07/08/2021,38,Music,0.72
Aysha Swanson,08/08/2021,43,Music,0.83
Aysha Swanson,09/08/2021,48,Music,0.93
Aysha Swanson,10/08/2021,54,Music,0.1
Aysha Swanson,11/08/2021,59,Music,0.11
Aysha Swanson,12/08/2021,65,Music,0.12
Jasmine Hill,01/08/2021,54,Music,0.1
Jasmine Hill,02/08/2021,10,Music,0.2
Jasmine Hill,03/08/2021,16,Music,0.31
Jasmine Hill,04/08/2021,21,Music,0.41
Jasmine Hill,05/08/2021,27,Music,0.52
Jasmine Hill,06/08/2021,32,Music,0.62
Jasmine Hill,07/08/2021,38,Music,0.72
Jasmine Hill,08/08/2021,43,Music,0.83
Jasmine Hill,09/08/2021,48,Music,0.93
Jasmine Hill,10/08/2021,54,Music,0.1
Jasmine Hill,11/08/2021,59,Music,0.11
Jasmine Hill,12/08/2021,65,Music,0.12
Nicholas Armstrong,01/08/2021,54,Music,0.1
Nicholas Armstrong,02/08/2021,10,Music,0.2
Nicholas Armstrong,03/08/2021,16,Music,0.31
Nicholas Armstrong,04/08/2021,21,Music,0.41
Nicholas Armstrong,05/08/2021,27,Music,0.52
Nicholas Armstrong,06/08/2021,32,Music,0.62
Nicholas Armstrong,07/08/2021,38,Music,0.72
Nicholas Armstrong,08/08/2021,43,Music,0.83
Nicholas Armstrong,09/08/2021,48,Music,0.93
Nicholas Armstrong,10/08/2021,54,Music,0.1
Nicholas Armstrong,11/08/2021,59,Music,0.11
Nicholas Armstrong,12/08/2021,65,Music,0.12
Anna McCormack,01/08/2021,54,Music,0.1
Anna McCormack,02/08/2021,10,Music,0.2
Anna McCormack,03/08/2021,16,Music,0.31
Anna McCormack,04/08/2021,21,Music,0.41
Anna McCormack,05/08/2021,27,Music,0.52
Anna McCormack,06/08/2021,32,Music,0.62
Anna McCormack,07/08/2021,38,Music,0.72
Anna McCormack,08/08/2021,43,Music,0.83
Anna McCormack,09/08/2021,48,Music,0.93
Anna McCormack,10/08/2021,54,Music,0.1
Anna McCormack,11/08/2021,59,Music,0.11
Anna McCormack,12/08/2021,65,Music,0.12
Maddison Hampton-Vickers,01/08/2021,54,Music,0.1
Maddison Hampton-Vickers,02/08/2021,10,Music,0.2
Maddison Hampton-Vickers,03/08/2021,16,Music,0.31
Maddison Hampton-Vickers,04/08/2021,21,Music,0.41
Maddison Hampton-Vickers,05/08/2021,27,Music,0.52
Maddison Hampton-Vickers,06/08/2021,32,Music,0.62
Maddison Hampton-Vickers,07/08/2021,38,Music,0.72
Maddison Hampton-Vickers,08/08/2021,43,Music,0.83
Maddison Hampton-Vickers,09/08/2021,48,Music,0.93
Maddison Hampton-Vickers,10/08/2021,54,Music,0.1
Maddison Hampton-Vickers,11/08/2021,59,Music,0.11
Maddison Hampton-Vickers,12/08/2021,65,Music,0.12
Thomas Conder,01/08/2021,54,Music,0.1
Thomas Conder,02/08/2021,10,Music,0.2
Thomas Conder,03/08/2021,16,Music,0.31
Thomas Conder,04/08/2021,21,Music,0.41
Thomas Conder,05/08/2021,27,Music,0.52
Thomas Conder,06/08/2021,32,Music,0.62
Thomas Conder,07/08/2021,38,Music,0.72
Thomas Conder,08/08/2021,43,Music,0.83
Thomas Conder,09/08/2021,48,Music,0.93
Thomas Conder,10/08/2021,54,Music,0.1
Thomas Conder,11/08/2021,59,Music,0.11
Thomas Conder,12/08/2021,65,Music,0.12
Isabel Simpson,01/08/2021,54,Music,0.1
Isabel Simpson,02/08/2021,10,Music,0.2
Isabel Simpson,03/08/2021,16,Music,0.31
Isabel Simpson,04/08/2021,21,Music,0.41
Isabel Simpson,05/08/2021,27,Music,0.52
Isabel Simpson,06/08/2021,32,Music,0.62
Isabel Simpson,07/08/2021,38,Music,0.72
Isabel Simpson,08/08/2021,43,Music,0.83
Isabel Simpson,09/08/2021,48,Music,0.93
Isabel Simpson,10/08/2021,54,Music,0.1
Isabel Simpson,11/08/2021,59,Music,0.11
Isabel Simpson,12/08/2021,65,Music,0.12
Viktor Mechtler,01/08/2021,54,Music,0.1
Viktor Mechtler,02/08/2021,10,Music,0.2
Viktor Mechtler,03/08/2021,16,Music,0.31
Viktor Mechtler,04/08/2021,21,Music,0.41
Viktor Mechtler,05/08/2021,27,Music,0.52
Viktor Mechtler,06/08/2021,32,Music,0.62
Viktor Mechtler,07/08/2021,38,Music,0.72
Viktor Mechtler,08/08/2021,43,Music,0.83
Viktor Mechtler,09/08/2021,48,Music,0.93
Viktor Mechtler,10/08/2021,54,Music,0.1
Viktor Mechtler,11/08/2021,59,Music,0.11
Viktor Mechtler,12/08/2021,65,Music,0.12
Matteo Scali,01/08/2021,54,Music,0.1
Matteo Scali,02/08/2021,10,Music,0.2
Matteo Scali,03/08/2021,16,Music,0.31
Matteo Scali,04/08/2021,21,Music,0.41
Matteo Scali,05/08/2021,27,Music,0.52
Matteo Scali,06/08/2021,32,Music,0.62
Matteo Scali,07/08/2021,38,Music,0.72
Matteo Scali,08/08/2021,43,Music,0.83
Matteo Scali,09/08/2021,48,Music,0.93
Matteo Scali,10/08/2021,54,Music,0.1
Matteo Scali,11/08/2021,59,Music,0.11
Matteo Scali,12/08/2021,65,Music,0.12
Alexandra York,01/08/2021,54,Music,0.1
Alexandra York,02/08/2021,10,Music,0.2
Alexandra York,03/08/2021,16,Music,0.31
Alexandra York,04/08/2021,21,Music,0.41
Alexandra York,05/08/2021,27,Music,0.52
Alexandra York,06/08/2021,32,Music,0.62
Alexandra York,07/08/2021,38,Music,0.72
Alexandra York,08/08/2021,43,Music,0.83
Alexandra York,09/08/2021,48,Music,0.93
Alexandra York,10/08/2021,54,Music,0.1
Alexandra York,11/08/2021,59,Music,0.11
Alexandra York,12/08/2021,65,Music,0.12
Piper Allen,01/08/2021,54,Music,0.1
Piper Allen,02/08/2021,10,Music,0.2
Piper Allen,03/08/2021,16,Music,0.31
Piper Allen,04/08/2021,21,Music,0.41
Piper Allen,05/08/2021,27,Music,0.52
Piper Allen,06/08/2021,32,Music,0.62
Piper Allen,07/08/2021,38,Music,0.72
Piper Allen,08/08/2021,43,Music,0.83
Piper Allen,09/08/2021,48,Music,0.93
Piper Allen,10/08/2021,54,Music,0.1
Piper Allen,11/08/2021,59,Music,0.11
Piper Allen,12/08/2021,65,Music,0.12
Beau Davies,01/08/2021,54,Music,0.1
Beau Davies,02/08/2021,10,Music,0.2
Beau Davies,03/08/2021,16,Music,0.31
Beau Davies,04/08/2021,21,Music,0.41
Beau Davies,05/08/2021,27,Music,0.52
Beau Davies,06/08/2021,32,Music,0.62
Beau Davies,07/08/2021,38,Music,0.72
Beau Davies,08/08/2021,43,Music,0.83
Beau Davies,09/08/2021,48,Music,0.93
Beau Davies,10/08/2021,54,Music,0.1
Beau Davies,11/08/2021,59,Music,0.11
Beau Davies,12/08/2021,65,Music,0.12
Alisa Elkins,01/08/2021,54,Music,0.1
Alisa Elkins,02/08/2021,10,Music,0.2
Alisa Elkins,03/08/2021,16,Music,0.31
Alisa Elkins,04/08/2021,21,Music,0.41
Alisa Elkins,05/08/2021,27,Music,0.52
Alisa Elkins,06/08/2021,32,Music,0.62
Alisa Elkins,07/08/2021,38,Music,0.72
Alisa Elkins,08/08/2021,43,Music,0.83
Alisa Elkins,09/08/2021,48,Music,0.93
Alisa Elkins,10/08/2021,54,Music,0.1
Alisa Elkins,11/08/2021,59,Music,0.11
Alisa Elkins,12/08/2021,65,Music,0.12
Harrison Garrett,01/08/2021,54,Music,0.1
Harrison Garrett,02/08/2021,10,Music,0.2
Harrison Garrett,03/08/2021,16,Music,0.31
Harrison Garrett,04/08/2021,21,Music,0.41
Harrison Garrett,05/08/2021,27,Music,0.52
Harrison Garrett,06/08/2021,32,Music,0.62
Harrison Garrett,07/08/2021,38,Music,0.72
Harrison Garrett,08/08/2021,43,Music,0.83
Harrison Garrett,09/08/2021,48,Music,0.93
Harrison Garrett,10/08/2021,54,Music,0.1
Harrison Garrett,11/08/2021,59,Music,0.11
Harrison Garrett,12/08/2021,65,Music,0.12
Lauren Wong,01/08/2021,54,Music,0.1
Lauren Wong,02/08/2021,10,Music,0.2
Lauren Wong,03/08/2021,16,Music,0.31
Lauren Wong,04/08/2021,21,Music,0.41
Lauren Wong,05/08/2021,27,Music,0.52
Lauren Wong,06/08/2021,32,Music,0.62
Lauren Wong,07/08/2021,38,Music,0.72
Lauren Wong,08/08/2021,43,Music,0.83
Lauren Wong,09/08/2021,48,Music,0.93
Lauren Wong,10/08/2021,54,Music,0.1
Lauren Wong,11/08/2021,59,Music,0.11
Lauren Wong,12/08/2021,65,Music,0.12
Rachel Kinghorn,01/08/2021,54,Music,0.1
Rachel Kinghorn,02/08/2021,10,Music,0.2
Rachel Kinghorn,03/08/2021,16,Music,0.31
Rachel Kinghorn,04/08/2021,21,Music,0.41
Rachel Kinghorn,05/08/2021,27,Music,0.52
Rachel Kinghorn,06/08/2021,32,Music,0.62
Rachel Kinghorn,07/08/2021,38,Music,0.72
Rachel Kinghorn,08/08/2021,43,Music,0.83
Rachel Kinghorn,09/08/2021,48,Music,0.93
Rachel Kinghorn,10/08/2021,54,Music,0.1
Rachel Kinghorn,11/08/2021,59,Music,0.11
Rachel Kinghorn,12/08/2021,65,Music,0.12
Zoe Kimber,01/08/2021,54,Music,0.1
Zoe Kimber,02/08/2021,10,Music,0.2
Zoe Kimber,03/08/2021,16,Music,0.31
Zoe Kimber,04/08/2021,21,Music,0.41
Zoe Kimber,05/08/2021,27,Music,0.52
Zoe Kimber,06/08/2021,32,Music,0.62
Zoe Kimber,07/08/2021,38,Music,0.72
Zoe Kimber,08/08/2021,43,Music,0.83
Zoe Kimber,09/08/2021,48,Music,0.93
Zoe Kimber,10/08/2021,54,Music,0.1
Zoe Kimber,11/08/2021,59,Music,0.11
Zoe Kimber,12/08/2021,65,Music,0.12
Tatiana Cunningham,01/08/2021,54,Music,0.1
Tatiana Cunningham,02/08/2021,10,Music,0.2
Tatiana Cunningham,03/08/2021,16,Music,0.31
Tatiana Cunningham,04/08/2021,21,Music,0.41
Tatiana Cunningham,05/08/2021,27,Music,0.52
Tatiana Cunningham,06/08/2021,32,Music,0.62
Tatiana Cunningham,07/08/2021,38,Music,0.72
Tatiana Cunningham,08/08/2021,43,Music,0.83
Tatiana Cunningham,09/08/2021,48,Music,0.93
Tatiana Cunningham,10/08/2021,54,Music,0.1
Tatiana Cunningham,11/08/2021,59,Music,0.11
Tatiana Cunningham,12/08/2021,65,Music,0.12
Vanessa Sebel,01/08/2021,54,Music,0.1
Vanessa Sebel,02/08/2021,10,Music,0.2
Vanessa Sebel,03/08/2021,16,Music,0.31
Vanessa Sebel,04/08/2021,21,Music,0.41
Vanessa Sebel,05/08/2021,27,Music,0.52
Vanessa Sebel,06/08/2021,32,Music,0.62
Vanessa Sebel,07/08/2021,38,Music,0.72
Vanessa Sebel,08/08/2021,43,Music,0.83
Vanessa Sebel,09/08/2021,48,Music,0.93
Vanessa Sebel,10/08/2021,54,Music,0.1
Vanessa Sebel,11/08/2021,59,Music,0.11
Vanessa Sebel,12/08/2021,65,Music,0.12
Aidan O'Reilly,01/08/2021,54,Music,0.1
Aidan O'Reilly,02/08/2021,10,Music,0.2
Aidan O'Reilly,03/08/2021,16,Music,0.31
Aidan O'Reilly,04/08/2021,21,Music,0.41
Aidan O'Reilly,05/08/2021,27,Music,0.52
Aidan O'Reilly,06/08/2021,32,Music,0.62
Aidan O'Reilly,07/08/2021,38,Music,0.72
Aidan O'Reilly,08/08/2021,43,Music,0.83
Aidan O'Reilly,09/08/2021,48,Music,0.93
Aidan O'Reilly,10/08/2021,54,Music,0.1
Aidan O'Reilly,11/08/2021,59,Music,0.11
Aidan O'Reilly,12/08/2021,65,Music,0.12
Thomas Cartwright,01/08/2021,54,Music,0.1
Thomas Cartwright,02/08/2021,10,Music,0.2
Thomas Cartwright,03/08/2021,16,Music,0.31
Thomas Cartwright,04/08/2021,21,Music,0.41
Thomas Cartwright,05/08/2021,27,Music,0.52
Thomas Cartwright,06/08/2021,32,Music,0.62
Thomas Cartwright,07/08/2021,38,Music,0.72
Thomas Cartwright,08/08/2021,43,Music,0.83
Thomas Cartwright,09/08/2021,48,Music,0.93
Thomas Cartwright,10/08/2021,54,Music,0.1
Thomas Cartwright,11/08/2021,59,Music,0.11
Thomas Cartwright,12/08/2021,65,Music,0.12
Angus Olsen,01/08/2021,54,Music,0.1
Angus Olsen,02/08/2021,10,Music,0.2
Angus Olsen,03/08/2021,16,Music,0.31
Angus Olsen,04/08/2021,21,Music,0.41
Angus Olsen,05/08/2021,27,Music,0.52
Angus Olsen,06/08/2021,32,Music,0.62
Angus Olsen,07/08/2021,38,Music,0.72
Angus Olsen,08/08/2021,43,Music,0.83
Angus Olsen,09/08/2021,48,Music,0.93
Angus Olsen,10/08/2021,54,Music,0.1
Angus Olsen,11/08/2021,59,Music,0.11
Angus Olsen,12/08/2021,65,Music,0.12
Annalise Joyce,01/08/2021,54,Music,0.1
Annalise Joyce,02/08/2021,10,Music,0.2
Annalise Joyce,03/08/2021,16,Music,0.31
Annalise Joyce,04/08/2021,21,Music,0.41
Annalise Joyce,05/08/2021,27,Music,0.52
Annalise Joyce,06/08/2021,32,Music,0.62
Annalise Joyce,07/08/2021,38,Music,0.72
Annalise Joyce,08/08/2021,43,Music,0.83
Annalise Joyce,09/08/2021,48,Music,0.93
Annalise Joyce,10/08/2021,54,Music,0.1
Annalise Joyce,11/08/2021,59,Music,0.11
Annalise Joyce,12/08/2021,65,Music,0.12
Enzo Pritchard-Carniato,01/08/2021,54,Music,0.1
Enzo Pritchard-Carniato,02/08/2021,10,Music,0.2
Enzo Pritchard-Carniato,03/08/2021,16,Music,0.31
Enzo Pritchard-Carniato,04/08/2021,21,Music,0.41
Enzo Pritchard-Carniato,05/08/2021,27,Music,0.52
Enzo Pritchard-Carniato,06/08/2021,32,Music,0.62
Enzo Pritchard-Carniato,07/08/2021,38,Music,0.72
Enzo Pritchard-Carniato,08/08/2021,43,Music,0.83
Enzo Pritchard-Carniato,09/08/2021,48,Music,0.93
Enzo Pritchard-Carniato,10/08/2021,54,Music,0.1
Enzo Pritchard-Carniato,11/08/2021,59,Music,0.11
Enzo Pritchard-Carniato,12/08/2021,65,Music,0.12
Brooke Dilworth,01/08/2021,54,Music,0.1
Brooke Dilworth,02/08/2021,10,Music,0.2
Brooke Dilworth,03/08/2021,16,Music,0.31
Brooke Dilworth,04/08/2021,21,Music,0.41
Brooke Dilworth,05/08/2021,27,Music,0.52
Brooke Dilworth,06/08/2021,32,Music,0.62
Brooke Dilworth,07/08/2021,38,Music,0.72
Brooke Dilworth,08/08/2021,43,Music,0.83
Brooke Dilworth,09/08/2021,48,Music,0.93
Brooke Dilworth,10/08/2021,54,Music,0.1
Brooke Dilworth,11/08/2021,59,Music,0.11
Brooke Dilworth,12/08/2021,65,Music,0.12
Sydney Atakliyan,01/08/2021,54,Music,0.1
Sydney Atakliyan,02/08/2021,10,Music,0.2
Sydney Atakliyan,03/08/2021,16,Music,0.31
Sydney Atakliyan,04/08/2021,21,Music,0.41
Sydney Atakliyan,05/08/2021,27,Music,0.52
Sydney Atakliyan,06/08/2021,32,Music,0.62
Sydney Atakliyan,07/08/2021,38,Music,0.72
Sydney Atakliyan,08/08/2021,43,Music,0.83
Sydney Atakliyan,09/08/2021,48,Music,0.93
Sydney Atakliyan,10/08/2021,54,Music,0.1
Sydney Atakliyan,11/08/2021,59,Music,0.11
Sydney Atakliyan,12/08/2021,65,Music,0.12
Oliver Noble,01/08/2021,54,Music,0.1
Oliver Noble,02/08/2021,10,Music,0.2
Oliver Noble,03/08/2021,16,Music,0.31
Oliver Noble,04/08/2021,21,Music,0.41
Oliver Noble,05/08/2021,27,Music,0.52
Oliver Noble,06/08/2021,32,Music,0.62
Oliver Noble,07/08/2021,38,Music,0.72
Oliver Noble,08/08/2021,43,Music,0.83
Oliver Noble,09/08/2021,48,Music,0.93
Oliver Noble,10/08/2021,54,Music,0.1
Oliver Noble,11/08/2021,59,Music,0.11
Oliver Noble,12/08/2021,65,Music,0.12
Maddison Hunt,01/08/2021,54,Music,0.1
Maddison Hunt,02/08/2021,10,Music,0.2
Maddison Hunt,03/08/2021,16,Music,0.31
Maddison Hunt,04/08/2021,21,Music,0.41
Maddison Hunt,05/08/2021,27,Music,0.52
Maddison Hunt,06/08/2021,32,Music,0.62
Maddison Hunt,07/08/2021,38,Music,0.72
Maddison Hunt,08/08/2021,43,Music,0.83
Maddison Hunt,09/08/2021,48,Music,0.93
Maddison Hunt,10/08/2021,54,Music,0.1
Maddison Hunt,11/08/2021,59,Music,0.11
Maddison Hunt,12/08/2021,65,Music,0.12
Cristian Hill,01/08/2021,54,Music,0.1
Cristian Hill,02/08/2021,10,Music,0.2
Cristian Hill,03/08/2021,16,Music,0.31
Cristian Hill,04/08/2021,21,Music,0.41
Cristian Hill,05/08/2021,27,Music,0.52
Cristian Hill,06/08/2021,32,Music,0.62
Cristian Hill,07/08/2021,38,Music,0.72
Cristian Hill,08/08/2021,43,Music,0.83
Cristian Hill,09/08/2021,48,Music,0.93
Cristian Hill,10/08/2021,54,Music,0.1
Cristian Hill,11/08/2021,59,Music,0.11
Cristian Hill,12/08/2021,65,Music,0.12
Poppi Kent,01/08/2021,54,Music,0.1
Poppi Kent,02/08/2021,10,Music,0.2
Poppi Kent,03/08/2021,16,Music,0.31
Poppi Kent,04/08/2021,21,Music,0.41
Poppi Kent,05/08/2021,27,Music,0.52
Poppi Kent,06/08/2021,32,Music,0.62
Poppi Kent,07/08/2021,38,Music,0.73
Poppi Kent,08/08/2021,43,Music,0.83
Poppi Kent,09/08/2021,48,Music,0.93
Poppi Kent,10/08/2021,54,Music,0.1
Poppi Kent,11/08/2021,59,Music,0.11
Poppi Kent,12/08/2021,65,Music,0.12
Isabella Rudge,01/08/2021,54,Music,0.1
Isabella Rudge,02/08/2021,10,Music,0.2
Isabella Rudge,03/08/2021,16,Music,0.31
Isabella Rudge,04/08/2021,21,Music,0.41
Isabella Rudge,05/08/2021,27,Music,0.52
Isabella Rudge,06/08/2021,32,Music,0.62
Isabella Rudge,07/08/2021,38,Music,0.73
Isabella Rudge,08/08/2021,43,Music,0.83
Isabella Rudge,09/08/2021,48,Music,0.93
Isabella Rudge,10/08/2021,54,Music,0.1
Isabella Rudge,11/08/2021,59,Music,0.11
Isabella Rudge,12/08/2021,65,Music,0.12
Ella Burgess,01/08/2021,54,Music,0.1
Ella Burgess,02/08/2021,10,Music,0.2
Ella Burgess,03/08/2021,16,Music,0.31
Ella Burgess,04/08/2021,21,Music,0.41
Ella Burgess,05/08/2021,27,Music,0.52
Ella Burgess,06/08/2021,32,Music,0.62
Ella Burgess,07/08/2021,38,Music,0.73
Ella Burgess,08/08/2021,43,Music,0.83
Ella Burgess,09/08/2021,49,Music,0.93
Ella Burgess,10/08/2021,54,Music,0.1
Ella Burgess,11/08/2021,59,Music,0.11
Ella Burgess,12/08/2021,65,Music,0.12
William Goodsall,01/08/2021,54,Music,0.1
William Goodsall,02/08/2021,10,Music,0.2
William Goodsall,03/08/2021,16,Music,0.31
William Goodsall,04/08/2021,21,Music,0.41
William Goodsall,05/08/2021,27,Music,0.52
William Goodsall,06/08/2021,32,Music,0.62
William Goodsall,07/08/2021,38,Music,0.73
William Goodsall,08/08/2021,43,Music,0.83
William Goodsall,09/08/2021,49,Music,0.93
William Goodsall,10/08/2021,54,Music,0.1
William Goodsall,11/08/2021,59,Music,0.11
William Goodsall,12/08/2021,65,Music,0.12
Lara Cody,01/08/2021,54,Music,0.1
Lara Cody,02/08/2021,10,Music,0.2
Lara Cody,03/08/2021,16,Music,0.31
Lara Cody,04/08/2021,21,Music,0.41
Lara Cody,05/08/2021,27,Music,0.52
Lara Cody,06/08/2021,32,Music,0.62
Lara Cody,07/08/2021,38,Music,0.73
Lara Cody,08/08/2021,43,Music,0.83
Lara Cody,09/08/2021,49,Music,0.93
Lara Cody,10/08/2021,54,Music,0.1
Lara Cody,11/08/2021,59,Music,0.11
Lara Cody,12/08/2021,65,Music,0.12
Lara Stanbridge,01/08/2021,54,Music,0.1
Lara Stanbridge,02/08/2021,10,Music,0.2
Lara Stanbridge,03/08/2021,16,Music,0.31
Lara Stanbridge,04/08/2021,21,Music,0.41
Lara Stanbridge,05/08/2021,27,Music,0.52
Lara Stanbridge,06/08/2021,32,Music,0.62
Lara Stanbridge,07/08/2021,38,Music,0.73
Lara Stanbridge,08/08/2021,43,Music,0.83
Lara Stanbridge,09/08/2021,49,Music,0.93
Lara Stanbridge,10/08/2021,54,Music,0.1
Lara Stanbridge,11/08/2021,59,Music,0.11
Lara Stanbridge,12/08/2021,65,Music,0.12
Caitlin Brunton,01/08/2021,54,Music,0.1
Caitlin Brunton,02/08/2021,10,Music,0.2
Caitlin Brunton,03/08/2021,16,Music,0.31
Caitlin Brunton,04/08/2021,21,Music,0.41
Caitlin Brunton,05/08/2021,27,Music,0.52
Caitlin Brunton,06/08/2021,32,Music,0.62
Caitlin Brunton,07/08/2021,38,Music,0.73
Caitlin Brunton,08/08/2021,43,Music,0.83
Caitlin Brunton,09/08/2021,49,Music,0.93
Caitlin Brunton,10/08/2021,54,Music,0.1
Caitlin Brunton,11/08/2021,59,Music,0.11
Caitlin Brunton,12/08/2021,65,Music,0.12
Evelyn Farrell,01/08/2021,54,Music,0.1
Evelyn Farrell,02/08/2021,10,Music,0.2
Evelyn Farrell,03/08/2021,16,Music,0.31
Evelyn Farrell,04/08/2021,21,Music,0.41
Evelyn Farrell,05/08/2021,27,Music,0.52
Evelyn Farrell,06/08/2021,32,Music,0.62
Evelyn Farrell,07/08/2021,38,Music,0.73
Evelyn Farrell,08/08/2021,43,Music,0.83
Evelyn Farrell,09/08/2021,49,Music,0.93
Evelyn Farrell,10/08/2021,54,Music,0.1
Evelyn Farrell,11/08/2021,59,Music,0.11
Evelyn Farrell,12/08/2021,65,Music,0.12
Tate Boswarva,01/08/2021,54,Music,0.1
Tate Boswarva,02/08/2021,10,Music,0.2
Tate Boswarva,03/08/2021,16,Music,0.31
Tate Boswarva,04/08/2021,21,Music,0.41
Tate Boswarva,05/08/2021,27,Music,0.52
Tate Boswarva,06/08/2021,32,Music,0.62
Tate Boswarva,07/08/2021,38,Music,0.73
Tate Boswarva,08/08/2021,43,Music,0.83
Tate Boswarva,09/08/2021,49,Music,0.93
Tate Boswarva,10/08/2021,54,Music,0.1
Tate Boswarva,11/08/2021,59,Music,0.11
Tate Boswarva,12/08/2021,65,Music,0.12
Willem McCormack,01/08/2021,54,Music,0.1
Willem McCormack,02/08/2021,10,Music,0.2
Willem McCormack,03/08/2021,16,Music,0.31
Willem McCormack,04/08/2021,21,Music,0.41
Willem McCormack,05/08/2021,27,Music,0.52
Willem McCormack,06/08/2021,32,Music,0.62
Willem McCormack,07/08/2021,38,Music,0.73
Willem McCormack,08/08/2021,43,Music,0.83
Willem McCormack,09/08/2021,49,Music,0.93
Willem McCormack,10/08/2021,54,Music,0.1
Willem McCormack,11/08/2021,59,Music,0.11
Willem McCormack,12/08/2021,65,Music,0.12
Victoria Butler,01/08/2021,54,Music,0.1
Victoria Butler,02/08/2021,10,Music,0.2
Victoria Butler,03/08/2021,16,Music,0.31
Victoria Butler,04/08/2021,21,Music,0.41
Victoria Butler,05/08/2021,27,Music,0.52
Victoria Butler,06/08/2021,32,Music,0.62
Victoria Butler,07/08/2021,38,Music,0.73
Victoria Butler,08/08/2021,43,Music,0.83
Victoria Butler,09/08/2021,49,Music,0.93
Victoria Butler,10/08/2021,54,Music,0.1
Victoria Butler,11/08/2021,59,Music,0.11
Victoria Butler,12/08/2021,65,Music,0.12
Oliver Garrett,01/08/2021,54,Music,0.1
Oliver Garrett,02/08/2021,10,Music,0.2
Oliver Garrett,03/08/2021,16,Music,0.31
Oliver Garrett,04/08/2021,21,Music,0.41
Oliver Garrett,05/08/2021,27,Music,0.52
Oliver Garrett,06/08/2021,32,Music,0.62
Oliver Garrett,07/08/2021,38,Music,0.73
Oliver Garrett,08/08/2021,43,Music,0.83
Oliver Garrett,09/08/2021,49,Music,0.93
Oliver Garrett,10/08/2021,54,Music,0.1
Oliver Garrett,11/08/2021,59,Music,0.11
Oliver Garrett,12/08/2021,65,Music,0.12
Jacob Gold,01/08/2021,54,Music,0.1
Jacob Gold,02/08/2021,10,Music,0.2
Jacob Gold,03/08/2021,16,Music,0.31
Jacob Gold,04/08/2021,21,Music,0.41
Jacob Gold,05/08/2021,27,Music,0.52
Jacob Gold,06/08/2021,32,Music,0.62
Jacob Gold,07/08/2021,38,Music,0.73
Jacob Gold,08/08/2021,43,Music,0.83
Jacob Gold,09/08/2021,49,Music,0.93
Jacob Gold,10/08/2021,54,Music,0.1
Jacob Gold,11/08/2021,59,Music,0.11
Jacob Gold,12/08/2021,65,Music,0.12
Greta Feldmann,01/08/2021,54,Music,0.1
Greta Feldmann,02/08/2021,10,Music,0.2
Greta Feldmann,03/08/2021,16,Music,0.31
Greta Feldmann,04/08/2021,21,Music,0.41
Greta Feldmann,05/08/2021,27,Music,0.52
Greta Feldmann,06/08/2021,32,Music,0.62
Greta Feldmann,07/08/2021,38,Music,0.73
Greta Feldmann,08/08/2021,43,Music,0.83
Greta Feldmann,09/08/2021,49,Music,0.93
Greta Feldmann,10/08/2021,54,Music,0.1
Greta Feldmann,11/08/2021,59,Music,0.11
Greta Feldmann,12/08/2021,65,Music,0.12
Shaun Patrick,01/08/2021,54,Music,0.1
Shaun Patrick,02/08/2021,10,Music,0.2
Shaun Patrick,03/08/2021,16,Music,0.31
Shaun Patrick,04/08/2021,21,Music,0.41
Shaun Patrick,05/08/2021,27,Music,0.52
Shaun Patrick,06/08/2021,32,Music,0.62
Shaun Patrick,07/08/2021,38,Music,0.73
Shaun Patrick,08/08/2021,43,Music,0.83
Shaun Patrick,09/08/2021,49,Music,0.93
Shaun Patrick,10/08/2021,54,Music,0.1
Shaun Patrick,11/08/2021,59,Music,0.11
Shaun Patrick,12/08/2021,65,Music,0.12
William Christie,01/08/2021,54,Music,0.1
William Christie,02/08/2021,10,Music,0.2
William Christie,03/08/2021,16,Music,0.31
William Christie,04/08/2021,21,Music,0.41
William Christie,05/08/2021,27,Music,0.52
William Christie,06/08/2021,32,Music,0.62
William Christie,07/08/2021,38,Music,0.73
William Christie,08/08/2021,43,Music,0.83
William Christie,09/08/2021,49,Music,0.93
William Christie,10/08/2021,54,Music,0.1
William Christie,11/08/2021,59,Music,0.11
William Christie,12/08/2021,65,Music,0.12
Alexander Davidson,01/08/2021,54,Music,0.1
Alexander Davidson,02/08/2021,10,Music,0.2
Alexander Davidson,03/08/2021,16,Music,0.31
Alexander Davidson,04/08/2021,21,Music,0.41
Alexander Davidson,05/08/2021,27,Music,0.52
Alexander Davidson,06/08/2021,32,Music,0.62
Alexander Davidson,07/08/2021,38,Music,0.73
Alexander Davidson,08/08/2021,43,Music,0.83
Alexander Davidson,09/08/2021,49,Music,0.93
Alexander Davidson,10/08/2021,54,Music,0.1
Alexander Davidson,11/08/2021,59,Music,0.11
Alexander Davidson,12/08/2021,65,Music,0.12
Alexander Gibbs,01/08/2021,54,Music,0.1
Alexander Gibbs,02/08/2021,10,Music,0.2
Alexander Gibbs,03/08/2021,16,Music,0.31
Alexander Gibbs,04/08/2021,21,Music,0.41
Alexander Gibbs,05/08/2021,27,Music,0.52
Alexander Gibbs,06/08/2021,32,Music,0.62
Alexander Gibbs,07/08/2021,38,Music,0.73
Alexander Gibbs,08/08/2021,43,Music,0.83
Alexander Gibbs,09/08/2021,49,Music,0.93
Alexander Gibbs,10/08/2021,54,Music,0.1
Alexander Gibbs,11/08/2021,59,Music,0.11
Alexander Gibbs,12/08/2021,65,Music,0.12
Armen Shiraz-Dilanchian,01/08/2021,54,Music,0.1
Armen Shiraz-Dilanchian,02/08/2021,10,Music,0.2
Armen Shiraz-Dilanchian,03/08/2021,16,Music,0.31
Armen Shiraz-Dilanchian,04/08/2021,21,Music,0.41
Armen Shiraz-Dilanchian,05/08/2021,27,Music,0.52
Armen Shiraz-Dilanchian,06/08/2021,32,Music,0.62
Armen Shiraz-Dilanchian,07/08/2021,38,Music,0.73
Armen Shiraz-Dilanchian,08/08/2021,43,Music,0.83
Armen Shiraz-Dilanchian,09/08/2021,49,Music,0.93
Armen Shiraz-Dilanchian,10/08/2021,54,Music,0.1
Armen Shiraz-Dilanchian,11/08/2021,59,Music,0.11
Armen Shiraz-Dilanchian,12/08/2021,65,Music,0.12
Isabella Ilic,01/08/2021,54,Music,0.1
Isabella Ilic,02/08/2021,10,Music,0.2
Isabella Ilic,03/08/2021,16,Music,0.31
Isabella Ilic,04/08/2021,21,Music,0.41
Isabella Ilic,05/08/2021,27,Music,0.52
Isabella Ilic,06/08/2021,32,Music,0.62
Isabella Ilic,07/08/2021,38,Music,0.73
Isabella Ilic,08/08/2021,43,Music,0.83
Isabella Ilic,09/08/2021,49,Music,0.93
Isabella Ilic,10/08/2021,54,Music,0.1
Isabella Ilic,11/08/2021,59,Music,0.11
Isabella Ilic,12/08/2021,65,Music,0.12
Indiana Grace,01/08/2021,54,Music,0.1
Indiana Grace,02/08/2021,10,Music,0.2
Indiana Grace,03/08/2021,16,Music,0.31
Indiana Grace,04/08/2021,21,Music,0.41
Indiana Grace,05/08/2021,27,Music,0.52
Indiana Grace,06/08/2021,32,Music,0.62
Indiana Grace,07/08/2021,38,Music,0.73
Indiana Grace,08/08/2021,43,Music,0.83
Indiana Grace,09/08/2021,49,Music,0.93
Indiana Grace,10/08/2021,54,Music,0.1
Indiana Grace,11/08/2021,59,Music,0.11
Indiana Grace,12/08/2021,65,Music,0.12
Lucy McLaren,01/08/2021,54,Music,0.1
Lucy McLaren,02/08/2021,10,Music,0.2
Lucy McLaren,03/08/2021,16,Music,0.31
Lucy McLaren,04/08/2021,21,Music,0.41
Lucy McLaren,05/08/2021,27,Music,0.52
Lucy McLaren,06/08/2021,32,Music,0.62
Lucy McLaren,07/08/2021,38,Music,0.73
Lucy McLaren,08/08/2021,43,Music,0.83
Lucy McLaren,09/08/2021,49,Music,0.93
Lucy McLaren,10/08/2021,54,Music,0.1
Lucy McLaren,11/08/2021,59,Music,0.11
Lucy McLaren,12/08/2021,65,Music,0.12
Hugh Sellar,01/08/2021,54,Music,0.1
Hugh Sellar,02/08/2021,10,Music,0.2
Hugh Sellar,03/08/2021,16,Music,0.31
Hugh Sellar,04/08/2021,21,Music,0.41
Hugh Sellar,05/08/2021,27,Music,0.52
Hugh Sellar,06/08/2021,32,Music,0.62
Hugh Sellar,07/08/2021,38,Music,0.73
Hugh Sellar,08/08/2021,43,Music,0.83
Hugh Sellar,09/08/2021,49,Music,0.93
Hugh Sellar,10/08/2021,54,Music,0.1
Hugh Sellar,11/08/2021,59,Music,0.11
Hugh Sellar,12/08/2021,65,Music,0.12
Ruari Blackstock,01/08/2021,54,Music,0.1
Ruari Blackstock,02/08/2021,10,Music,0.2
Ruari Blackstock,03/08/2021,16,Music,0.31
Ruari Blackstock,04/08/2021,21,Music,0.41
Ruari Blackstock,05/08/2021,27,Music,0.52
Ruari Blackstock,06/08/2021,32,Music,0.62
Ruari Blackstock,07/08/2021,38,Music,0.73
Ruari Blackstock,08/08/2021,43,Music,0.83
Ruari Blackstock,09/08/2021,49,Music,0.93
Ruari Blackstock,10/08/2021,54,Music,0.1
Ruari Blackstock,11/08/2021,59,Music,0.11
Ruari Blackstock,12/08/2021,65,Music,0.12
Callum Wardman-Browne,01/08/2021,54,Music,0.1
Callum Wardman-Browne,02/08/2021,10,Music,0.2
Callum Wardman-Browne,03/08/2021,16,Music,0.31
Callum Wardman-Browne,04/08/2021,21,Music,0.41
Callum Wardman-Browne,05/08/2021,27,Music,0.52
Callum Wardman-Browne,06/08/2021,32,Music,0.62
Callum Wardman-Browne,07/08/2021,38,Music,0.73
Callum Wardman-Browne,08/08/2021,43,Music,0.83
Callum Wardman-Browne,09/08/2021,49,Music,0.93
Callum Wardman-Browne,10/08/2021,54,Music,0.1
Callum Wardman-Browne,11/08/2021,59,Music,0.11
Callum Wardman-Browne,12/08/2021,65,Music,0.12
Benjamin Peake,01/08/2021,54,Music,0.1
Benjamin Peake,02/08/2021,10,Music,0.2
Benjamin Peake,03/08/2021,16,Music,0.31
Benjamin Peake,04/08/2021,21,Music,0.41
Benjamin Peake,05/08/2021,27,Music,0.52
Benjamin Peake,06/08/2021,32,Music,0.62
Benjamin Peake,07/08/2021,38,Music,0.73
Benjamin Peake,08/08/2021,43,Music,0.83
Benjamin Peake,09/08/2021,49,Music,0.93
Benjamin Peake,10/08/2021,54,Music,0.1
Benjamin Peake,11/08/2021,59,Music,0.11
Benjamin Peake,12/08/2021,65,Music,0.12
Jemma Davies,01/08/2021,54,Music,0.1
Jemma Davies,02/08/2021,10,Music,0.2
Jemma Davies,03/08/2021,16,Music,0.31
Jemma Davies,04/08/2021,21,Music,0.41
Jemma Davies,05/08/2021,27,Music,0.52
Jemma Davies,06/08/2021,32,Music,0.62
Jemma Davies,07/08/2021,38,Music,0.73
Jemma Davies,08/08/2021,43,Music,0.83
Jemma Davies,09/08/2021,49,Music,0.94
Jemma Davies,10/08/2021,54,Music,0.1
Jemma Davies,11/08/2021,59,Music,0.11
Jemma Davies,12/08/2021,65,Music,0.12
Andrew Verschoor,01/08/2021,54,Music,0.1
Andrew Verschoor,02/08/2021,10,Music,0.2
Andrew Verschoor,03/08/2021,16,Music,0.31
Andrew Verschoor,04/08/2021,21,Music,0.41
Andrew Verschoor,05/08/2021,27,Music,0.52
Andrew Verschoor,06/08/2021,32,Music,0.62
Andrew Verschoor,07/08/2021,38,Music,0.73
Andrew Verschoor,08/08/2021,43,Music,0.83
Andrew Verschoor,09/08/2021,49,Music,0.94
Andrew Verschoor,10/08/2021,54,Music,0.1
Andrew Verschoor,11/08/2021,59,Music,0.11
Andrew Verschoor,12/08/2021,65,Music,0.12
Ethan Woods-Burnell,01/08/2021,54,Music,0.1
Ethan Woods-Burnell,02/08/2021,10,Music,0.2
Ethan Woods-Burnell,03/08/2021,16,Music,0.31
Ethan Woods-Burnell,04/08/2021,21,Music,0.41
Ethan Woods-Burnell,05/08/2021,27,Music,0.52
Ethan Woods-Burnell,06/08/2021,32,Music,0.62
Ethan Woods-Burnell,07/08/2021,38,Music,0.73
Ethan Woods-Burnell,08/08/2021,43,Music,0.83
Ethan Woods-Burnell,09/08/2021,49,Music,0.94
Ethan Woods-Burnell,10/08/2021,54,Music,0.1
Ethan Woods-Burnell,11/08/2021,59,Music,0.11
Ethan Woods-Burnell,12/08/2021,65,Music,0.12
Daniel Cullen,01/08/2021,54,Music,0.1
Daniel Cullen,02/08/2021,10,Music,0.2
Daniel Cullen,03/08/2021,16,Music,0.31
Daniel Cullen,04/08/2021,21,Music,0.41
Daniel Cullen,05/08/2021,27,Music,0.52
Daniel Cullen,06/08/2021,32,Music,0.62
Daniel Cullen,07/08/2021,38,Music,0.73
Daniel Cullen,08/08/2021,43,Music,0.83
Daniel Cullen,09/08/2021,49,Music,0.94
Daniel Cullen,10/08/2021,54,Music,0.1
Daniel Cullen,11/08/2021,59,Music,0.11
Daniel Cullen,12/08/2021,65,Music,0.12
Daniel Knight,01/08/2021,54,Music,0.1
Daniel Knight,02/08/2021,10,Music,0.2
Daniel Knight,03/08/2021,16,Music,0.31
Daniel Knight,04/08/2021,21,Music,0.41
Daniel Knight,05/08/2021,27,Music,0.52
Daniel Knight,06/08/2021,32,Music,0.62
Daniel Knight,07/08/2021,38,Music,0.73
Daniel Knight,08/08/2021,43,Music,0.83
Daniel Knight,09/08/2021,49,Music,0.94
Daniel Knight,10/08/2021,54,Music,0.1
Daniel Knight,11/08/2021,59,Music,0.11
Daniel Knight,12/08/2021,65,Music,0.12
Griffin Potter,01/08/2021,54,Music,0.1
Griffin Potter,02/08/2021,10,Music,0.2
Griffin Potter,03/08/2021,16,Music,0.31
Griffin Potter,04/08/2021,21,Music,0.41
Griffin Potter,05/08/2021,27,Music,0.52
Griffin Potter,06/08/2021,32,Music,0.62
Griffin Potter,07/08/2021,38,Music,0.73
Griffin Potter,08/08/2021,43,Music,0.83
Griffin Potter,09/08/2021,49,Music,0.94
Griffin Potter,10/08/2021,54,Music,0.1
Griffin Potter,11/08/2021,59,Music,0.11
Griffin Potter,12/08/2021,65,Music,0.12
Oliver Stevens,01/08/2021,54,Music,0.1
Oliver Stevens,02/08/2021,10,Music,0.2
Oliver Stevens,03/08/2021,16,Music,0.31
Oliver Stevens,04/08/2021,21,Music,0.41
Oliver Stevens,05/08/2021,27,Music,0.52
Oliver Stevens,06/08/2021,32,Music,0.62
Oliver Stevens,07/08/2021,38,Music,0.73
Oliver Stevens,08/08/2021,43,Music,0.83
Oliver Stevens,09/08/2021,49,Music,0.94
Oliver Stevens,10/08/2021,54,Music,0.1
Oliver Stevens,11/08/2021,60,Music,0.11
Oliver Stevens,12/08/2021,65,Music,0.12
Edwina Magnus,01/08/2021,54,Music,0.1
Edwina Magnus,02/08/2021,10,Music,0.2
Edwina Magnus,03/08/2021,16,Music,0.31
Edwina Magnus,04/08/2021,21,Music,0.41
Edwina Magnus,05/08/2021,27,Music,0.52
Edwina Magnus,06/08/2021,32,Music,0.62
Edwina Magnus,07/08/2021,38,Music,0.73
Edwina Magnus,08/08/2021,43,Music,0.83
Edwina Magnus,09/08/2021,49,Music,0.94
Edwina Magnus,10/08/2021,54,Music,0.1
Edwina Magnus,11/08/2021,60,Music,0.11
Edwina Magnus,12/08/2021,65,Music,0.12
Yola Reinecke,01/08/2021,54,Music,0.1
Yola Reinecke,02/08/2021,10,Music,0.2
Yola Reinecke,03/08/2021,16,Music,0.31
Yola Reinecke,04/08/2021,21,Music,0.41
Yola Reinecke,05/08/2021,27,Music,0.52
Yola Reinecke,06/08/2021,32,Music,0.62
Yola Reinecke,07/08/2021,38,Music,0.73
Yola Reinecke,08/08/2021,43,Music,0.83
Yola Reinecke,09/08/2021,49,Music,0.94
Yola Reinecke,10/08/2021,54,Music,0.1
Yola Reinecke,11/08/2021,60,Music,0.11
Yola Reinecke,12/08/2021,65,Music,0.12
Anna Saunders,01/08/2021,54,Music,0.1
Anna Saunders,02/08/2021,10,Music,0.2
Anna Saunders,03/08/2021,16,Music,0.31
Anna Saunders,04/08/2021,21,Music,0.41
Anna Saunders,05/08/2021,27,Music,0.52
Anna Saunders,06/08/2021,32,Music,0.62
Anna Saunders,07/08/2021,38,Music,0.73
Anna Saunders,08/08/2021,43,Music,0.83
Anna Saunders,09/08/2021,49,Music,0.94
Anna Saunders,10/08/2021,54,Music,0.1
Anna Saunders,11/08/2021,60,Music,0.11
Anna Saunders,12/08/2021,65,Music,0.12
Nicholas Findell-Aghnatios,01/08/2021,54,Music,0.1
Nicholas Findell-Aghnatios,02/08/2021,10,Music,0.2
Nicholas Findell-Aghnatios,03/08/2021,16,Music,0.31
Nicholas Findell-Aghnatios,04/08/2021,21,Music,0.41
Nicholas Findell-Aghnatios,05/08/2021,27,Music,0.52
Nicholas Findell-Aghnatios,06/08/2021,32,Music,0.62
Nicholas Findell-Aghnatios,07/08/2021,38,Music,0.73
Nicholas Findell-Aghnatios,08/08/2021,43,Music,0.83
Nicholas Findell-Aghnatios,09/08/2021,49,Music,0.94
Nicholas Findell-Aghnatios,10/08/2021,54,Music,0.1
Nicholas Findell-Aghnatios,11/08/2021,60,Music,0.11
Nicholas Findell-Aghnatios,12/08/2021,65,Music,0.12
Joshua Green,01/08/2021,54,Music,0.1
Joshua Green,02/08/2021,10,Music,0.2
Joshua Green,03/08/2021,16,Music,0.31
Joshua Green,04/08/2021,21,Music,0.41
Joshua Green,05/08/2021,27,Music,0.52
Joshua Green,06/08/2021,32,Music,0.62
Joshua Green,07/08/2021,38,Music,0.73
Joshua Green,08/08/2021,43,Music,0.83
Joshua Green,09/08/2021,49,Music,0.94
Joshua Green,10/08/2021,54,Music,0.1
Joshua Green,11/08/2021,60,Music,0.11
Joshua Green,12/08/2021,65,Music,0.12
Lachlan Forsyth-Smith,01/08/2021,54,Music,0.1
Lachlan Forsyth-Smith,02/08/2021,10,Music,0.2
Lachlan Forsyth-Smith,03/08/2021,16,Music,0.31
Lachlan Forsyth-Smith,04/08/2021,21,Music,0.41
Lachlan Forsyth-Smith,05/08/2021,27,Music,0.52
Lachlan Forsyth-Smith,06/08/2021,32,Music,0.62
Lachlan Forsyth-Smith,07/08/2021,38,Music,0.73
Lachlan Forsyth-Smith,08/08/2021,43,Music,0.83
Lachlan Forsyth-Smith,09/08/2021,49,Music,0.94
Lachlan Forsyth-Smith,10/08/2021,54,Music,0.1
Lachlan Forsyth-Smith,11/08/2021,60,Music,0.11
Lachlan Forsyth-Smith,12/08/2021,65,Music,0.12
Samantha Hely,01/08/2021,54,Music,0.1
Samantha Hely,02/08/2021,10,Music,0.2
Samantha Hely,03/08/2021,16,Music,0.31
Samantha Hely,04/08/2021,21,Music,0.41
Samantha Hely,05/08/2021,27,Music,0.52
Samantha Hely,06/08/2021,32,Music,0.62
Samantha Hely,07/08/2021,38,Music,0.73
Samantha Hely,08/08/2021,43,Music,0.83
Samantha Hely,09/08/2021,49,Music,0.94
Samantha Hely,10/08/2021,54,Music,0.1
Samantha Hely,11/08/2021,60,Music,0.11
Samantha Hely,12/08/2021,65,Music,0.12
Alannah Walton,01/08/2021,54,Music,0.1
Alannah Walton,02/08/2021,10,Music,0.2
Alannah Walton,03/08/2021,16,Music,0.31
Alannah Walton,04/08/2021,21,Music,0.41
Alannah Walton,05/08/2021,27,Music,0.52
Alannah Walton,06/08/2021,32,Music,0.62
Alannah Walton,07/08/2021,38,Music,0.73
Alannah Walton,08/08/2021,43,Music,0.83
Alannah Walton,09/08/2021,49,Music,0.94
Alannah Walton,10/08/2021,54,Music,0.1
Alannah Walton,11/08/2021,60,Music,0.11
Alannah Walton,12/08/2021,65,Music,0.12
Tess Malycon,01/08/2021,54,Music,0.1
Tess Malycon,02/08/2021,10,Music,0.2
Tess Malycon,03/08/2021,16,Music,0.31
Tess Malycon,04/08/2021,21,Music,0.41
Tess Malycon,05/08/2021,27,Music,0.52
Tess Malycon,06/08/2021,32,Music,0.62
Tess Malycon,07/08/2021,38,Music,0.73
Tess Malycon,08/08/2021,43,Music,0.83
Tess Malycon,09/08/2021,49,Music,0.94
Tess Malycon,10/08/2021,54,Music,0.1
Tess Malycon,11/08/2021,60,Music,0.11
Tess Malycon,12/08/2021,65,Music,0.12
Emilie Bessell,01/08/2021,54,Music,0.1
Emilie Bessell,02/08/2021,10,Music,0.2
Emilie Bessell,03/08/2021,16,Music,0.31
Emilie Bessell,04/08/2021,21,Music,0.41
Emilie Bessell,05/08/2021,27,Music,0.52
Emilie Bessell,06/08/2021,32,Music,0.62
Emilie Bessell,07/08/2021,38,Music,0.73
Emilie Bessell,08/08/2021,43,Music,0.83
Emilie Bessell,09/08/2021,49,Music,0.94
Emilie Bessell,10/08/2021,54,Music,0.1
Emilie Bessell,11/08/2021,60,Music,0.11
Emilie Bessell,12/08/2021,65,Music,0.12
Josephine Simpson,01/08/2021,54,Music,0.1
Josephine Simpson,02/08/2021,10,Music,0.2
Josephine Simpson,03/08/2021,16,Music,0.31
Josephine Simpson,04/08/2021,21,Music,0.41
Josephine Simpson,05/08/2021,27,Music,0.52
Josephine Simpson,06/08/2021,32,Music,0.62
Josephine Simpson,07/08/2021,38,Music,0.73
Josephine Simpson,08/08/2021,43,Music,0.83
Josephine Simpson,09/08/2021,49,Music,0.94
Josephine Simpson,10/08/2021,54,Music,0.1
Josephine Simpson,11/08/2021,60,Music,0.11
Josephine Simpson,12/08/2021,65,Music,0.12
Charlotte Perikic,01/08/2021,54,Music,0.1
Charlotte Perikic,02/08/2021,10,Music,0.2
Charlotte Perikic,03/08/2021,16,Music,0.31
Charlotte Perikic,04/08/2021,21,Music,0.41
Charlotte Perikic,05/08/2021,27,Music,0.52
Charlotte Perikic,06/08/2021,32,Music,0.62
Charlotte Perikic,07/08/2021,38,Music,0.73
Charlotte Perikic,08/08/2021,43,Music,0.83
Charlotte Perikic,09/08/2021,49,Music,0.94
Charlotte Perikic,10/08/2021,54,Music,0.1
Charlotte Perikic,11/08/2021,60,Music,0.11
Charlotte Perikic,12/08/2021,65,Music,0.12
Emily Colvin,01/08/2021,54,Music,0.1
Emily Colvin,02/08/2021,10,Music,0.2
Emily Colvin,03/08/2021,16,Music,0.31
Emily Colvin,04/08/2021,21,Music,0.41
Emily Colvin,05/08/2021,27,Music,0.52
Emily Colvin,06/08/2021,32,Music,0.62
Emily Colvin,07/08/2021,38,Music,0.73
Emily Colvin,08/08/2021,43,Music,0.83
Emily Colvin,09/08/2021,49,Music,0.94
Emily Colvin,10/08/2021,54,Music,0.1
Emily Colvin,11/08/2021,60,Music,0.11
Emily Colvin,12/08/2021,65,Music,0.12
Daniel Close,01/08/2021,54,Music,0.1
Daniel Close,02/08/2021,10,Music,0.2
Daniel Close,03/08/2021,16,Music,0.31
Daniel Close,04/08/2021,21,Music,0.41
Daniel Close,05/08/2021,27,Music,0.52
Daniel Close,06/08/2021,32,Music,0.62
Daniel Close,07/08/2021,38,Music,0.73
Daniel Close,08/08/2021,43,Music,0.83
Daniel Close,09/08/2021,49,Music,0.94
Daniel Close,10/08/2021,54,Music,0.1
Daniel Close,11/08/2021,60,Music,0.11
Daniel Close,12/08/2021,65,Music,0.12
Ashley Walton,01/08/2021,54,Music,0.1
Ashley Walton,02/08/2021,10,Music,0.2
Ashley Walton,03/08/2021,16,Music,0.31
Ashley Walton,04/08/2021,21,Music,0.41
Ashley Walton,05/08/2021,27,Music,0.52
Ashley Walton,06/08/2021,32,Music,0.62
Ashley Walton,07/08/2021,38,Music,0.73
Ashley Walton,08/08/2021,43,Music,0.83
Ashley Walton,09/08/2021,49,Music,0.94
Ashley Walton,10/08/2021,54,Music,0.1
Ashley Walton,11/08/2021,60,Music,0.11
Ashley Walton,12/08/2021,65,Music,0.12
Michelle Jordi,01/08/2021,54,Music,0.1
Michelle Jordi,02/08/2021,10,Music,0.2
Michelle Jordi,03/08/2021,16,Music,0.31
Michelle Jordi,04/08/2021,21,Music,0.41
Michelle Jordi,05/08/2021,27,Music,0.52
Michelle Jordi,06/08/2021,32,Music,0.62
Michelle Jordi,07/08/2021,38,Music,0.73
Michelle Jordi,08/08/2021,43,Music,0.83
Michelle Jordi,09/08/2021,49,Music,0.94
Michelle Jordi,10/08/2021,54,Music,0.1
Michelle Jordi,11/08/2021,60,Music,0.11
Michelle Jordi,12/08/2021,65,Music,0.12
Alexander Verschoor,01/08/2021,54,Music,0.1
Alexander Verschoor,02/08/2021,10,Music,0.2
Alexander Verschoor,03/08/2021,16,Music,0.31
Alexander Verschoor,04/08/2021,21,Music,0.41
Alexander Verschoor,05/08/2021,27,Music,0.52
Alexander Verschoor,06/08/2021,32,Music,0.62
Alexander Verschoor,07/08/2021,38,Music,0.73
Alexander Verschoor,08/08/2021,43,Music,0.83
Alexander Verschoor,09/08/2021,49,Music,0.94
Alexander Verschoor,10/08/2021,54,Music,0.1
Alexander Verschoor,11/08/2021,60,Music,0.11
Alexander Verschoor,12/08/2021,65,Music,0.12
Georgia Verschoor,01/08/2021,54,Music,0.1
Georgia Verschoor,02/08/2021,10,Music,0.2
Georgia Verschoor,03/08/2021,16,Music,0.31
Georgia Verschoor,04/08/2021,21,Music,0.41
Georgia Verschoor,05/08/2021,27,Music,0.52
Georgia Verschoor,06/08/2021,32,Music,0.62
Georgia Verschoor,07/08/2021,38,Music,0.73
Georgia Verschoor,08/08/2021,43,Music,0.83
Georgia Verschoor,09/08/2021,49,Music,0.94
Georgia Verschoor,10/08/2021,54,Music,0.1
Georgia Verschoor,11/08/2021,60,Music,0.11
Georgia Verschoor,12/08/2021,65,Music,0.12
Zachary Braden,01/08/2021,42,Music,0.42
Zachary Braden,02/08/2021,43,Music,0.43
Zachary Braden,03/08/2021,44,Music,0.44
Zachary Braden,04/08/2021,45,Music,0.45
Zachary Braden,05/08/2021,46,Music,0.46
Zachary Braden,06/08/2021,47,Music,0.47
Zachary Braden,07/08/2021,48,Music,0.48
Zachary Braden,08/08/2021,49,Music,0.49
Zachary Braden,09/08/2021,50,Music,0.5
Zachary Braden,10/08/2021,51,Music,0.51
Zachary Braden,11/08/2021,52,Music,0.52
Zachary Braden,12/08/2021,53,Music,0.53